,CLIENTNUM,Attrition_Flag,Customer_Age,Gender,Dependent_count,Education_Level,Marital_Status,Income_Category,Card_Category,Months_on_book,Total_Relationship_Count,Months_Inactive_12_mon,Contacts_Count_12_mon,Credit_Limit,Total_Revolving_Bal,Avg_Open_To_Buy,Total_Amt_Chng_Q4_Q1,Total_Trans_Amt,Total_Trans_Ct,Total_Ct_Chng_Q4_Q1,Avg_Utilization_Ratio
0,768805383,Existing Customer,45,M,3,High School,Married,$60K - $80K,Blue,39,5,1,3,12691.0,777,11914.0,1.335,1144,42,1.625,0.061
1,818770008,Existing Customer,49,F,5,Graduate,Single,Less than $40K,Blue,44,6,1,2,8256.0,864,7392.0,1.541,1291,33,3.714,0.105
2,713982108,Existing Customer,51,M,3,Graduate,Married,$80K - $120K,Blue,36,4,1,0,3418.0,0,3418.0,2.594,1887,20,2.333,0.0
3,769911858,Existing Customer,40,F,4,High School,Unknown,Less than $40K,Blue,34,3,4,1,3313.0,2517,796.0,1.405,1171,20,2.333,0.76
4,709106358,Existing Customer,40,M,3,Uneducated,Married,$60K - $80K,Blue,21,5,1,0,4716.0,0,4716.0,2.175,816,28,2.5,0.0
5,713061558,Existing Customer,44,M,2,Graduate,Married,$40K - $60K,Blue,36,3,1,2,4010.0,1247,2763.0,1.376,1088,24,0.846,0.311
6,810347208,Existing Customer,51,M,4,Unknown,Married,$120K +,Gold,46,6,1,3,34516.0,2264,32252.0,1.975,1330,31,0.722,0.066
7,818906208,Existing Customer,32,M,0,High School,Unknown,$60K - $80K,Silver,27,2,2,2,29081.0,1396,27685.0,2.204,1538,36,0.7140000000000001,0.048
8,710930508,Existing Customer,37,M,3,Uneducated,Single,$60K - $80K,Blue,36,5,2,0,22352.0,2517,19835.0,3.355,1350,24,1.182,0.113
9,719661558,Existing Customer,48,M,2,Graduate,Single,$80K - $120K,Blue,36,6,3,3,11656.0,1677,9979.0,1.524,1441,32,0.882,0.14400000000000002
10,708790833,Existing Customer,42,M,5,Uneducated,Unknown,$120K +,Blue,31,5,3,2,6748.0,1467,5281.0,0.831,1201,42,0.68,0.217
11,710821833,Existing Customer,65,M,1,Unknown,Married,$40K - $60K,Blue,54,6,2,3,9095.0,1587,7508.0,1.433,1314,26,1.364,0.174
12,710599683,Existing Customer,56,M,1,College,Single,$80K - $120K,Blue,36,3,6,0,11751.0,0,11751.0,3.397,1539,17,3.25,0.0
13,816082233,Existing Customer,35,M,3,Graduate,Unknown,$60K - $80K,Blue,30,5,1,3,8547.0,1666,6881.0,1.163,1311,33,2.0,0.195
14,712396908,Existing Customer,57,F,2,Graduate,Married,Less than $40K,Blue,48,5,2,2,2436.0,680,1756.0,1.19,1570,29,0.611,0.27899999999999997
15,714885258,Existing Customer,44,M,4,Unknown,Unknown,$80K - $120K,Blue,37,5,1,2,4234.0,972,3262.0,1.7069999999999999,1348,27,1.7,0.23
16,709967358,Existing Customer,48,M,4,Post-Graduate,Single,$80K - $120K,Blue,36,6,2,3,30367.0,2362,28005.0,1.7080000000000002,1671,27,0.929,0.078
17,753327333,Existing Customer,41,M,3,Unknown,Married,$80K - $120K,Blue,34,4,4,1,13535.0,1291,12244.0,0.653,1028,21,1.625,0.095
18,806160108,Existing Customer,61,M,1,High School,Married,$40K - $60K,Blue,56,2,2,3,3193.0,2517,676.0,1.831,1336,30,1.143,0.7879999999999999
19,709327383,Existing Customer,45,F,2,Graduate,Married,Unknown,Blue,37,6,1,2,14470.0,1157,13313.0,0.966,1207,21,0.909,0.08
20,806165208,Existing Customer,47,M,1,Doctorate,Divorced,$60K - $80K,Blue,42,5,2,0,20979.0,1800,19179.0,0.9059999999999999,1178,27,0.929,0.086
21,708508758,Attrited Customer,62,F,0,Graduate,Married,Less than $40K,Blue,49,2,3,3,1438.3,0,1438.3,1.047,692,16,0.6,0.0
22,784725333,Existing Customer,41,M,3,High School,Married,$40K - $60K,Blue,33,4,2,1,4470.0,680,3790.0,1.608,931,18,1.571,0.152
23,811604133,Existing Customer,47,F,4,Unknown,Single,Less than $40K,Blue,36,3,3,2,2492.0,1560,932.0,0.573,1126,23,0.353,0.626
24,789124683,Existing Customer,54,M,2,Unknown,Married,$80K - $120K,Blue,42,4,2,3,12217.0,0,12217.0,1.075,1110,21,0.75,0.0
25,771071958,Existing Customer,41,F,3,Graduate,Single,Less than $40K,Blue,28,6,1,2,7768.0,1669,6099.0,0.797,1051,22,0.833,0.215
26,720466383,Existing Customer,59,M,1,High School,Unknown,$40K - $60K,Blue,46,4,1,2,14784.0,1374,13410.0,0.9209999999999999,1197,23,1.3,0.09300000000000001
27,804424383,Existing Customer,63,M,1,Unknown,Married,$60K - $80K,Blue,56,3,3,2,10215.0,1010,9205.0,0.843,1904,40,1.0,0.099
28,718813833,Existing Customer,44,F,3,Uneducated,Single,Unknown,Blue,34,5,2,2,10100.0,0,10100.0,0.525,1052,18,1.571,0.0
29,806624208,Existing Customer,47,M,4,High School,Married,$40K - $60K,Blue,42,6,0,0,4785.0,1362,3423.0,0.7390000000000001,1045,38,0.9,0.285
30,778348233,Existing Customer,53,M,3,Unknown,Married,$80K - $120K,Blue,33,3,2,3,2753.0,1811,942.0,0.977,1038,25,2.571,0.6579999999999999
31,712991808,Existing Customer,53,M,2,Uneducated,Married,$60K - $80K,Blue,48,2,5,1,2451.0,1690,761.0,1.3230000000000002,1596,26,1.6,0.69
32,709029408,Existing Customer,41,M,4,Graduate,Married,$60K - $80K,Blue,36,4,1,2,8923.0,2517,6406.0,1.726,1589,24,1.6669999999999998,0.282
33,788658483,Existing Customer,53,F,2,College,Married,Less than $40K,Blue,38,5,2,3,2650.0,1490,1160.0,1.75,1411,28,1.0,0.562
34,787937058,Existing Customer,58,M,0,Graduate,Married,$80K - $120K,Blue,49,6,2,2,12555.0,1696,10859.0,0.519,1291,24,0.7140000000000001,0.135
35,715318008,Existing Customer,55,F,1,College,Single,Less than $40K,Blue,36,4,2,1,3520.0,1914,1606.0,0.51,1407,43,0.483,0.544
36,713962233,Existing Customer,55,F,3,Graduate,Married,Less than $40K,Blue,36,6,2,3,3035.0,2298,737.0,1.724,1877,37,1.176,0.757
37,785432733,Existing Customer,42,F,4,High School,Married,Less than $40K,Gold,36,2,3,3,15433.0,0,15433.0,0.865,966,22,1.2,0.0
38,715190283,Existing Customer,57,F,1,Graduate,Unknown,$40K - $60K,Blue,49,3,3,2,3672.0,886,2786.0,1.32,1464,28,0.556,0.24100000000000002
39,708300483,Attrited Customer,66,F,0,Doctorate,Married,Unknown,Blue,56,5,4,3,7882.0,605,7277.0,1.052,704,16,0.14300000000000002,0.077
40,827111283,Existing Customer,45,M,3,Graduate,Single,$80K - $120K,Blue,41,2,2,2,32426.0,578,31848.0,1.042,1109,28,0.474,0.018000000000000002
41,758551608,Existing Customer,51,M,2,Unknown,Married,$40K - $60K,Blue,44,4,1,0,6205.0,2204,4001.0,0.8029999999999999,1347,28,0.556,0.355
42,773146383,Existing Customer,50,F,1,College,Single,$40K - $60K,Silver,43,3,2,3,17304.0,2517,14787.0,1.449,1756,33,1.2,0.145
43,778493808,Existing Customer,49,M,3,High School,Married,$60K - $80K,Blue,37,5,2,1,3906.0,0,3906.0,1.214,1756,32,1.0,0.0
44,720572508,Existing Customer,38,F,4,Graduate,Single,Unknown,Blue,28,2,3,3,9830.0,2055,7775.0,0.977,1042,23,0.917,0.209
45,712661433,Existing Customer,49,M,4,Uneducated,Single,$80K - $120K,Blue,30,3,2,3,34516.0,0,34516.0,1.621,1444,28,1.3330000000000002,0.0
46,789172683,Existing Customer,56,M,2,Doctorate,Married,$60K - $80K,Blue,45,6,2,0,2283.0,1430,853.0,2.316,1741,27,0.588,0.626
47,738406533,Existing Customer,59,M,1,Doctorate,Married,$40K - $60K,Blue,52,3,2,2,2548.0,2020,528.0,2.3569999999999998,1719,27,1.7,0.7929999999999999
48,799723908,Existing Customer,46,M,3,High School,Married,$80K - $120K,Blue,40,4,3,3,19458.0,1435,18023.0,0.787,1217,27,0.8,0.07400000000000001
49,771490833,Existing Customer,52,M,1,College,Single,$80K - $120K,Blue,40,5,1,1,4745.0,1227,3518.0,0.624,1140,40,0.6,0.259
50,720756708,Existing Customer,52,F,3,Unknown,Married,Less than $40K,Blue,41,6,3,2,2622.0,1549,1073.0,1.321,1878,30,1.143,0.591
51,779471883,Attrited Customer,54,F,1,Graduate,Married,Less than $40K,Blue,40,2,3,1,1438.3,808,630.3,0.997,705,19,0.9,0.562
52,711525033,Existing Customer,66,F,0,High School,Married,Less than $40K,Blue,54,3,4,2,3171.0,2179,992.0,1.224,1946,38,1.923,0.687
53,712813458,Existing Customer,49,M,2,Unknown,Married,$120K +,Blue,36,4,2,0,19763.0,2517,17246.0,0.664,1414,35,0.25,0.127
54,714374133,Attrited Customer,56,M,2,Graduate,Married,$120K +,Blue,36,1,3,3,15769.0,0,15769.0,1.041,602,15,0.364,0.0
55,717891558,Existing Customer,49,F,4,Graduate,Unknown,Less than $40K,Blue,36,6,4,2,3298.0,2200,1098.0,0.6779999999999999,1052,32,0.6,0.667
56,716632758,Existing Customer,49,F,3,Graduate,Single,Less than $40K,Blue,36,2,2,0,2802.0,2363,439.0,0.75,1295,40,0.6,0.843
57,768563658,Existing Customer,56,M,2,Uneducated,Married,$40K - $60K,Blue,50,4,2,3,4458.0,1880,2578.0,1.107,1424,29,1.4169999999999998,0.42200000000000004
58,711427458,Existing Customer,44,F,5,Graduate,Married,Unknown,Blue,35,4,1,2,6273.0,978,5295.0,2.275,1359,25,1.083,0.156
59,714091983,Existing Customer,42,M,2,High School,Single,$60K - $80K,Blue,34,4,4,3,3336.0,1753,1583.0,0.69,1168,27,1.25,0.525
60,787584108,Existing Customer,55,M,3,Unknown,Married,$80K - $120K,Blue,47,4,2,3,3436.0,2016,1420.0,0.9009999999999999,1097,33,0.833,0.5870000000000001
61,712030833,Attrited Customer,48,M,2,Graduate,Married,$60K - $80K,Silver,35,2,4,4,34516.0,0,34516.0,0.763,691,15,0.5,0.0
62,711481533,Existing Customer,39,M,1,High School,Divorced,$60K - $80K,Blue,33,5,3,3,5926.0,1251,4675.0,0.9440000000000001,1316,28,1.1540000000000001,0.21100000000000002
63,710082708,Existing Customer,44,M,4,Post-Graduate,Single,$120K +,Blue,32,2,4,2,23957.0,2102,21855.0,0.997,1276,26,0.733,0.08800000000000001
64,708155733,Existing Customer,53,M,2,High School,Single,$120K +,Blue,44,4,2,2,14734.0,1634,13100.0,0.9890000000000001,1289,23,0.917,0.111
65,788979258,Existing Customer,51,M,4,Uneducated,Single,$80K - $120K,Silver,38,4,1,4,34516.0,1515,33001.0,0.5920000000000001,1293,32,0.6,0.044000000000000004
66,807986133,Existing Customer,57,M,2,College,Married,$60K - $80K,Blue,52,5,3,3,6584.0,1817,4767.0,0.62,1353,35,0.667,0.276
67,788730933,Existing Customer,44,F,2,Uneducated,Single,Less than $40K,Blue,20,6,3,3,2084.0,1468,616.0,1.004,1132,28,0.556,0.7040000000000001
68,711314058,Existing Customer,49,M,2,Graduate,Married,$60K - $80K,Blue,32,2,2,2,1687.0,1107,580.0,1.715,1670,17,2.4,0.6559999999999999
69,717975333,Existing Customer,50,M,2,Doctorate,Married,$80K - $120K,Blue,38,6,2,2,25300.0,1330,23970.0,1.072,837,15,2.0,0.053
70,715971108,Existing Customer,51,M,4,Graduate,Single,$120K +,Blue,42,3,2,3,34516.0,1763,32753.0,1.266,1550,41,1.05,0.051
71,720096558,Existing Customer,55,F,2,Graduate,Married,Less than $40K,Blue,42,5,3,3,2216.0,1034,1182.0,0.758,1540,36,0.28600000000000003,0.467
72,719580033,Existing Customer,54,M,1,Graduate,Unknown,$60K - $80K,Blue,43,4,2,3,2910.0,2030,880.0,0.769,1256,21,0.4,0.698
73,820582308,Existing Customer,42,M,5,Uneducated,Married,$80K - $120K,Blue,37,6,2,2,22913.0,1528,21385.0,0.414,1394,35,0.522,0.067
74,789973308,Existing Customer,44,M,1,College,Single,$60K - $80K,Blue,35,3,3,3,24312.0,1932,22380.0,1.3119999999999998,1341,24,1.182,0.079
75,712876233,Existing Customer,53,M,2,Graduate,Single,$80K - $120K,Blue,36,5,3,2,5272.0,1515,3757.0,0.857,1289,33,0.435,0.287
76,804595158,Existing Customer,44,F,4,Graduate,Single,Less than $40K,Blue,36,6,4,2,7000.0,2517,4483.0,0.475,1112,23,1.875,0.36
77,714826758,Existing Customer,37,F,3,Uneducated,Single,Less than $40K,Blue,29,4,4,2,7038.0,1801,5237.0,0.7509999999999999,2339,57,0.966,0.256
78,779058108,Existing Customer,49,M,3,Graduate,Divorced,$60K - $80K,Blue,30,6,1,2,2536.0,1823,713.0,0.703,1468,23,0.353,0.7190000000000001
79,710790258,Existing Customer,47,M,2,Graduate,Married,$80K - $120K,Blue,38,6,3,2,28904.0,1899,27005.0,0.85,1334,35,0.4,0.066
80,715623483,Existing Customer,47,M,3,Graduate,Married,$60K - $80K,Blue,37,4,4,0,8567.0,1695,6872.0,1.242,1457,41,1.412,0.198
81,715156383,Existing Customer,44,M,1,Unknown,Unknown,$120K +,Blue,36,6,2,2,34516.0,1533,32983.0,0.924,1603,29,0.526,0.044000000000000004
82,711013983,Attrited Customer,55,F,4,Unknown,Married,$40K - $60K,Blue,45,2,4,3,2158.0,0,2158.0,0.585,615,12,0.7140000000000001,0.0
83,755420433,Existing Customer,59,F,1,Graduate,Married,Unknown,Blue,52,2,3,3,10133.0,1417,8716.0,0.38299999999999995,1068,20,0.818,0.14
84,794543958,Existing Customer,53,M,1,Graduate,Divorced,$80K - $120K,Blue,35,5,4,2,34516.0,1219,33297.0,1.129,1590,27,2.0,0.035
85,716396358,Existing Customer,52,M,2,Graduate,Married,$60K - $80K,Blue,47,5,3,0,3085.0,1910,1175.0,0.9209999999999999,1531,35,0.667,0.619
86,715398033,Existing Customer,53,M,2,High School,Single,$120K +,Blue,35,4,2,1,19040.0,2056,16984.0,0.607,1212,31,0.722,0.10800000000000001
87,711743883,Existing Customer,43,F,3,Uneducated,Single,Less than $40K,Blue,35,5,2,3,4026.0,0,4026.0,0.483,1237,32,0.6,0.0
88,719720058,Existing Customer,44,M,3,High School,Single,$60K - $80K,Blue,31,4,3,1,12756.0,837,11919.0,1.932,1413,14,1.8,0.066
89,778992108,Existing Customer,57,M,2,Unknown,Married,$120K +,Blue,45,5,3,3,5266.0,0,5266.0,1.702,1516,29,1.636,0.0
90,717539808,Existing Customer,51,F,2,High School,Single,Less than $40K,Blue,36,3,2,2,9930.0,0,9930.0,0.731,1276,21,1.3330000000000002,0.0
91,714070758,Existing Customer,49,M,4,High School,Single,$80K - $120K,Blue,38,4,3,0,31302.0,1953,29349.0,0.875,1564,35,2.182,0.062
92,714107958,Existing Customer,45,M,1,Graduate,Single,$40K - $60K,Blue,36,4,4,3,6576.0,0,6576.0,0.579,1465,34,0.619,0.0
93,789140283,Existing Customer,53,M,0,Graduate,Single,$80K - $120K,Blue,42,5,4,1,2664.0,2037,627.0,0.85,1286,29,0.9329999999999999,0.765
94,715550508,Existing Customer,45,F,3,Unknown,Married,Unknown,Blue,28,5,1,2,2535.0,2440,95.0,1.705,1312,20,1.222,0.963
95,719712633,Existing Customer,64,M,1,Graduate,Married,Less than $40K,Blue,52,6,4,3,1709.0,895,814.0,1.656,1673,32,0.882,0.524
96,772629333,Existing Customer,45,M,3,Graduate,Married,$40K - $60K,Blue,35,5,4,2,3454.0,1200,2254.0,0.597,1313,30,0.304,0.34700000000000003
97,720336708,Existing Customer,53,M,3,Doctorate,Married,$40K - $60K,Blue,35,5,3,2,3789.0,1706,2083.0,1.047,1609,42,0.68,0.45
98,802013583,Existing Customer,56,M,3,College,Married,$120K +,Blue,50,3,2,0,9689.0,2250,7439.0,0.5760000000000001,1158,19,0.727,0.23199999999999998
99,711887583,Attrited Customer,47,M,2,Unknown,Married,$80K - $120K,Blue,37,2,3,3,5449.0,1628,3821.0,0.696,836,18,0.385,0.299
100,714778833,Existing Customer,49,F,3,College,Single,Unknown,Blue,43,4,4,0,23032.0,1960,21072.0,0.619,1289,22,1.0,0.085
101,713843283,Existing Customer,41,F,3,Unknown,Married,Unknown,Silver,34,5,3,3,34516.0,2053,32463.0,1.034,1487,26,0.733,0.059000000000000004
102,779155158,Existing Customer,53,M,3,Graduate,Married,$120K +,Blue,34,6,2,2,2940.0,1264,1676.0,0.562,1259,33,0.5,0.43
103,721091583,Existing Customer,44,F,2,Graduate,Single,Less than $40K,Blue,32,3,3,3,3031.0,1879,1152.0,0.7879999999999999,1298,15,1.5,0.62
104,713572683,Existing Customer,44,M,3,High School,Unknown,$60K - $80K,Blue,25,3,3,0,1862.0,0,1862.0,0.883,1226,34,0.789,0.0
105,716657058,Existing Customer,43,F,4,Post-Graduate,Married,Less than $40K,Blue,33,2,3,3,8358.0,926,7432.0,0.762,1566,37,0.542,0.111
106,779509983,Existing Customer,53,M,2,Post-Graduate,Single,$120K +,Blue,36,6,1,2,34516.0,931,33585.0,0.828,1022,21,1.1,0.027000000000000003
107,717929133,Existing Customer,44,M,1,Uneducated,Married,$60K - $80K,Blue,36,5,2,3,14450.0,2440,12010.0,1.2830000000000001,1235,30,0.667,0.16899999999999998
108,808284783,Existing Customer,62,F,1,Unknown,Married,Less than $40K,Blue,56,6,0,0,1438.3,0,1438.3,0.813,1951,44,1.095,0.0
109,708476808,Existing Customer,54,M,4,Unknown,Divorced,$120K +,Blue,36,6,3,2,33791.0,1960,31831.0,0.618,1047,31,0.8240000000000001,0.057999999999999996
110,710916408,Existing Customer,57,M,4,Graduate,Married,$60K - $80K,Blue,39,4,3,0,8466.0,1886,6580.0,0.56,1342,32,0.391,0.223
111,708492558,Existing Customer,42,M,3,Unknown,Married,$60K - $80K,Blue,36,5,3,3,15088.0,865,14223.0,0.9390000000000001,1107,21,1.625,0.057
112,799825758,Existing Customer,42,M,4,High School,Divorced,$60K - $80K,Blue,36,5,1,2,3263.0,1674,1589.0,0.588,1251,35,0.34600000000000003,0.513
113,718619883,Existing Customer,54,F,0,Uneducated,Married,Less than $40K,Blue,36,2,2,2,1494.0,706,788.0,1.6740000000000002,1305,24,3.0,0.473
114,711844758,Existing Customer,48,M,3,Graduate,Single,$80K - $120K,Blue,35,6,1,0,13551.0,1294,12257.0,0.7909999999999999,1388,37,1.056,0.095
115,714798783,Existing Customer,49,M,1,Graduate,Single,$80K - $120K,Blue,36,6,2,2,18886.0,895,17991.0,1.8259999999999998,1235,18,1.571,0.047
116,826762908,Existing Customer,52,M,3,High School,Unknown,$80K - $120K,Blue,48,3,2,0,11976.0,1273,10703.0,1.024,2089,36,1.1179999999999999,0.106
117,771894558,Existing Customer,50,M,3,High School,Single,$80K - $120K,Blue,39,4,1,4,9964.0,1559,8405.0,1.8730000000000002,1626,25,0.7859999999999999,0.156
118,721074183,Existing Customer,49,M,1,Doctorate,Married,$60K - $80K,Blue,36,4,6,3,24159.0,1196,22963.0,0.7120000000000001,1111,24,1.0,0.05
119,715259583,Existing Customer,53,F,2,High School,Married,Less than $40K,Blue,44,3,2,3,5362.0,1901,3461.0,0.816,1553,38,1.0,0.355
120,718414008,Existing Customer,50,M,2,Graduate,Single,$120K +,Blue,36,3,2,2,34516.0,1023,33493.0,1.004,1064,13,0.625,0.03
121,719666283,Existing Customer,55,F,1,Doctorate,Married,Less than $40K,Blue,36,4,1,0,3174.0,1951,1223.0,0.7659999999999999,1243,29,0.611,0.615
122,714877233,Existing Customer,53,M,1,High School,Married,$80K - $120K,Blue,47,3,2,2,12262.0,1836,10426.0,1.584,1659,38,1.5330000000000001,0.15
123,785387883,Existing Customer,47,F,3,High School,Single,$40K - $60K,Blue,41,4,3,3,3788.0,1540,2248.0,0.5660000000000001,1594,47,0.382,0.40700000000000003
124,771075258,Existing Customer,55,M,2,College,Single,$120K +,Silver,42,2,3,2,34516.0,1527,32989.0,0.526,1268,42,0.355,0.044000000000000004
125,711318033,Existing Customer,47,M,3,Graduate,Single,$60K - $80K,Blue,36,4,2,2,2926.0,0,2926.0,0.6759999999999999,1304,24,0.846,0.0
126,783554958,Existing Customer,58,M,4,Graduate,Single,$120K +,Blue,52,6,1,0,32090.0,0,32090.0,0.5670000000000001,1368,30,0.364,0.0
127,720201033,Attrited Customer,53,M,2,Graduate,Married,$80K - $120K,Blue,41,3,3,2,11669.0,2227,9442.0,0.622,720,23,0.353,0.191
128,718039683,Existing Customer,52,M,2,High School,Single,$40K - $60K,Blue,45,3,1,2,13532.0,1300,12232.0,0.846,1521,29,1.4169999999999998,0.096
129,710806083,Existing Customer,50,F,1,Uneducated,Unknown,Less than $40K,Silver,36,4,2,2,11888.0,2090,9798.0,0.7,1137,30,0.765,0.17600000000000002
130,714752208,Existing Customer,42,F,1,Graduate,Married,Less than $40K,Blue,36,5,1,2,2393.0,1985,408.0,0.7879999999999999,978,16,0.778,0.83
131,822063408,Existing Customer,43,M,4,Unknown,Married,$40K - $60K,Blue,39,5,1,2,6111.0,2517,3594.0,0.632,1221,16,2.2,0.41200000000000003
132,714490308,Existing Customer,57,M,4,Graduate,Married,$80K - $120K,Blue,46,3,2,3,19270.0,1662,17608.0,1.186,1565,28,1.545,0.086
133,713356833,Existing Customer,52,M,1,Graduate,Married,$80K - $120K,Blue,43,3,1,4,3710.0,2517,1193.0,1.541,1578,34,0.7,0.6779999999999999
134,711402333,Existing Customer,47,M,2,Doctorate,Single,Less than $40K,Blue,37,2,1,3,3235.0,797,2438.0,0.541,1493,32,1.0,0.24600000000000002
135,708296883,Existing Customer,44,F,3,Graduate,Single,$40K - $60K,Blue,38,3,1,0,11749.0,788,10961.0,0.688,1178,27,0.929,0.067
136,719154483,Existing Customer,53,M,2,High School,Divorced,$60K - $80K,Blue,36,5,3,2,7753.0,2100,5653.0,0.8390000000000001,991,26,0.733,0.271
137,717721458,Existing Customer,45,M,4,College,Divorced,$60K - $80K,Blue,40,5,1,0,10408.0,1186,9222.0,1.689,2560,42,1.2109999999999999,0.114
138,711112683,Existing Customer,63,F,1,College,Married,Unknown,Blue,36,6,2,3,3967.0,1568,2399.0,1.236,1657,29,1.2309999999999999,0.395
139,715674483,Existing Customer,39,F,2,Post-Graduate,Single,Less than $40K,Blue,27,4,2,2,6205.0,2517,3688.0,0.9390000000000001,1204,19,0.727,0.406
140,789322833,Attrited Customer,48,F,5,High School,Married,Less than $40K,Blue,38,1,3,3,8025.0,0,8025.0,0.654,673,18,0.8,0.0
141,789968058,Existing Customer,51,M,1,Unknown,Single,$120K +,Blue,42,6,2,3,9036.0,2327,6709.0,0.649,1131,18,0.636,0.258
142,709919283,Existing Customer,54,M,4,Graduate,Married,$80K - $120K,Blue,34,2,3,2,14926.0,2517,12409.0,1.996,1576,25,1.5,0.16899999999999998
143,718744008,Existing Customer,59,F,1,Graduate,Single,Less than $40K,Blue,36,3,2,3,6335.0,1128,5207.0,0.397,1217,20,0.667,0.17800000000000002
144,767712558,Attrited Customer,59,M,1,College,Single,$60K - $80K,Blue,53,2,3,3,14979.0,0,14979.0,0.71,530,10,1.0,0.0
145,712950783,Attrited Customer,48,F,4,Uneducated,Married,Less than $40K,Blue,38,3,2,3,2732.0,0,2732.0,0.76,739,16,0.455,0.0
146,716104983,Existing Customer,41,F,2,Graduate,Single,Less than $40K,Blue,32,6,3,2,2250.0,2117,133.0,1.162,1617,31,2.875,0.941
147,818839983,Existing Customer,55,M,2,Graduate,Married,$120K +,Blue,50,3,2,0,10916.0,1536,9380.0,1.317,1592,34,1.0,0.141
148,772288758,Existing Customer,47,F,4,Graduate,Married,Unknown,Blue,36,4,1,3,5349.0,1228,4121.0,0.728,1343,30,1.308,0.23
149,712350858,Existing Customer,41,M,2,High School,Married,$80K - $120K,Blue,24,4,1,3,9366.0,1104,8262.0,0.5720000000000001,1303,39,0.625,0.11800000000000001
150,711009708,Existing Customer,40,M,3,High School,Single,$80K - $120K,Blue,28,5,1,0,21617.0,0,21617.0,1.047,1351,22,0.467,0.0
151,712720158,Existing Customer,68,M,1,Graduate,Married,Unknown,Blue,56,5,2,3,13860.0,1652,12208.0,1.255,1910,32,1.909,0.11900000000000001
152,712215258,Existing Customer,50,F,1,Graduate,Single,$40K - $60K,Silver,31,2,2,3,18386.0,0,18386.0,0.868,1298,22,0.5710000000000001,0.0
153,773827008,Existing Customer,47,M,4,Uneducated,Single,$60K - $80K,Blue,41,6,2,2,2405.0,1540,865.0,0.469,1087,29,1.2309999999999999,0.64
154,795232683,Existing Customer,53,F,1,College,Married,Less than $40K,Blue,47,4,2,3,2154.0,930,1224.0,2.121,1439,26,1.364,0.43200000000000005
155,713786508,Existing Customer,42,F,5,Unknown,Married,$40K - $60K,Blue,36,3,3,3,2038.0,0,2038.0,0.7859999999999999,1238,28,0.75,0.0
156,713539833,Existing Customer,48,F,4,High School,Single,$40K - $60K,Blue,38,6,1,3,8135.0,0,8135.0,1.3730000000000002,1716,29,0.812,0.0
157,712454058,Existing Customer,49,M,1,Doctorate,Married,$120K +,Blue,38,6,1,3,9364.0,618,8746.0,0.5539999999999999,1099,27,0.8,0.066
158,718759833,Existing Customer,44,F,2,Uneducated,Married,Unknown,Silver,35,4,3,2,32643.0,0,32643.0,1.3,1058,24,2.4290000000000003,0.0
159,718803333,Existing Customer,43,F,4,Graduate,Divorced,Less than $40K,Blue,34,2,3,1,3195.0,1954,1241.0,0.971,1285,29,0.706,0.612
160,720253908,Existing Customer,56,M,0,High School,Married,$80K - $120K,Blue,43,5,2,1,2852.0,1024,1828.0,1.0090000000000001,1651,28,1.0,0.359
161,714133158,Existing Customer,59,F,1,College,Single,Unknown,Blue,36,2,3,3,4224.0,1305,2919.0,0.852,1152,31,0.8240000000000001,0.309
162,713187033,Existing Customer,46,M,1,Uneducated,Married,$60K - $80K,Blue,36,3,2,2,20459.0,2071,18388.0,1.248,1767,38,2.167,0.10099999999999999
163,714791208,Existing Customer,47,F,4,Unknown,Divorced,Less than $40K,Blue,41,6,5,3,3482.0,2114,1368.0,0.508,1039,24,0.263,0.607
164,772426383,Existing Customer,50,F,4,Uneducated,Married,$40K - $60K,Blue,40,5,2,3,3065.0,1570,1495.0,1.077,1130,28,1.3330000000000002,0.512
165,710975883,Existing Customer,51,F,3,Uneducated,Married,Less than $40K,Blue,43,3,1,2,2185.0,1761,424.0,0.682,1645,30,0.429,0.8059999999999999
166,714264408,Existing Customer,47,F,3,Uneducated,Married,Less than $40K,Blue,36,4,1,0,1611.0,746,865.0,0.993,1413,29,0.706,0.46299999999999997
167,715827858,Existing Customer,58,F,4,Uneducated,Married,Less than $40K,Blue,47,3,3,3,2822.0,2173,649.0,1.456,1218,23,2.286,0.77
168,713741358,Attrited Customer,46,M,5,Graduate,Single,$80K - $120K,Blue,33,6,3,3,32975.0,2517,30458.0,0.6579999999999999,597,17,0.7,0.076
169,709531908,Existing Customer,53,M,3,High School,Married,$60K - $80K,Blue,47,5,2,2,1438.3,0,1438.3,0.7759999999999999,2184,53,0.828,0.0
170,716493408,Existing Customer,45,F,4,Uneducated,Divorced,Unknown,Blue,36,4,3,3,15875.0,1719,14156.0,0.86,1592,37,1.4669999999999999,0.10800000000000001
171,714141108,Existing Customer,52,F,1,High School,Married,Less than $40K,Blue,45,6,3,3,6703.0,893,5810.0,0.5670000000000001,1388,28,0.75,0.133
172,708953883,Attrited Customer,53,M,2,Unknown,Married,$80K - $120K,Blue,36,2,2,1,3212.0,0,3212.0,0.713,757,20,0.25,0.0
173,712608783,Existing Customer,50,M,2,High School,Married,$80K - $120K,Silver,45,3,1,3,34516.0,1260,33256.0,0.588,1504,34,0.789,0.037000000000000005
174,820353558,Existing Customer,41,F,3,High School,Married,$40K - $60K,Blue,36,4,1,2,9797.0,1434,8363.0,0.644,1503,34,0.478,0.146
175,714964758,Existing Customer,45,F,5,Graduate,Divorced,$40K - $60K,Blue,36,5,2,2,10400.0,1777,8623.0,0.7909999999999999,1105,28,0.867,0.171
176,716264358,Existing Customer,53,M,3,Uneducated,Married,$80K - $120K,Blue,42,2,1,2,26792.0,1836,24956.0,1.432,2398,47,0.88,0.069
177,717296808,Existing Customer,67,F,1,Graduate,Married,Less than $40K,Blue,56,4,3,2,3006.0,2517,489.0,2.053,1661,32,1.0,0.8370000000000001
178,712977183,Existing Customer,57,F,2,Uneducated,Single,$40K - $60K,Silver,36,6,3,0,19482.0,1072,18410.0,0.706,1421,22,1.444,0.055
179,710829108,Existing Customer,59,F,1,Uneducated,Married,$40K - $60K,Blue,36,4,2,3,3356.0,985,2371.0,0.35,999,28,0.556,0.294
180,779562633,Existing Customer,45,M,2,Uneducated,Married,$40K - $60K,Blue,34,3,2,1,5771.0,2248,3523.0,1.791,1387,18,0.8,0.39
181,715315833,Existing Customer,51,M,3,Graduate,Married,$80K - $120K,Blue,36,6,2,3,11106.0,2107,8999.0,0.948,1243,24,1.0,0.19
182,815500983,Existing Customer,59,F,1,Uneducated,Married,Less than $40K,Blue,54,5,3,0,2890.0,2001,889.0,1.334,1860,36,1.0,0.6920000000000001
183,719360583,Existing Customer,53,M,1,Graduate,Married,$60K - $80K,Blue,45,6,2,2,3380.0,1701,1679.0,0.747,1502,25,1.273,0.503
184,709701558,Existing Customer,47,M,3,Graduate,Married,$60K - $80K,Blue,36,2,1,2,21331.0,1251,20080.0,0.9490000000000001,1460,50,1.083,0.059000000000000004
185,721148358,Existing Customer,49,F,3,Uneducated,Single,Unknown,Blue,38,6,2,1,12860.0,0,12860.0,0.6459999999999999,1348,27,0.28600000000000003,0.0
186,779862408,Existing Customer,49,M,3,Post-Graduate,Single,$80K - $120K,Blue,33,3,1,0,6278.0,462,5816.0,1.161,1087,33,0.941,0.07400000000000001
187,812627208,Existing Customer,60,F,0,College,Single,Less than $40K,Blue,55,5,1,3,1438.3,738,700.3,0.782,1226,33,0.5710000000000001,0.513
188,711033408,Existing Customer,50,F,2,High School,Married,Less than $40K,Blue,36,5,1,2,9355.0,1626,7729.0,0.701,1230,28,0.867,0.174
189,779956608,Existing Customer,41,F,2,Post-Graduate,Married,Unknown,Blue,31,6,1,3,20758.0,0,20758.0,0.688,1555,32,0.684,0.0
190,780376683,Existing Customer,57,M,1,Graduate,Married,$80K - $120K,Blue,47,5,3,1,14612.0,1976,12636.0,1.768,1827,24,3.0,0.135
191,717912483,Existing Customer,43,M,4,Graduate,Unknown,$80K - $120K,Blue,27,5,2,0,27259.0,0,27259.0,0.731,1376,35,0.591,0.0
192,714454758,Existing Customer,57,F,3,Graduate,Married,Less than $40K,Blue,47,4,2,3,6347.0,1594,4753.0,0.8959999999999999,1771,37,0.762,0.251
193,780466533,Existing Customer,54,M,3,Doctorate,Married,$120K +,Blue,41,3,3,0,21592.0,1676,19916.0,1.097,1873,52,0.529,0.078
194,715735233,Existing Customer,51,F,5,Post-Graduate,Married,Less than $40K,Blue,44,5,1,1,3449.0,1598,1851.0,0.971,1679,42,0.556,0.46299999999999997
195,720476733,Existing Customer,47,F,3,High School,Married,Less than $40K,Blue,34,2,1,2,6028.0,799,5229.0,0.8190000000000001,1002,22,0.5710000000000001,0.133
196,715872333,Existing Customer,41,M,0,High School,Unknown,$120K +,Blue,36,3,2,3,18214.0,1998,16216.0,0.8290000000000001,1344,21,1.1,0.11
197,712375758,Existing Customer,53,M,3,Uneducated,Married,$80K - $120K,Blue,43,3,3,1,16393.0,1423,14970.0,1.642,1461,42,0.75,0.087
198,708868233,Attrited Customer,68,M,0,High School,Married,Less than $40K,Blue,52,1,3,2,1438.3,900,538.3,0.743,760,21,0.615,0.626
199,718030083,Existing Customer,59,M,1,College,Married,$60K - $80K,Blue,36,4,1,2,7871.0,1687,6184.0,1.242,1428,22,1.444,0.214
200,720707283,Existing Customer,48,M,4,Unknown,Married,$80K - $120K,Blue,36,5,3,0,5288.0,866,4422.0,0.8690000000000001,1777,42,0.75,0.16399999999999998
201,771698658,Existing Customer,44,M,5,Graduate,Married,$60K - $80K,Blue,32,4,5,3,11376.0,2006,9370.0,0.619,1302,27,0.8,0.17600000000000002
202,748326258,Existing Customer,48,M,3,College,Married,$80K - $120K,Blue,41,4,5,3,12302.0,1632,10670.0,1.5090000000000001,1483,41,0.519,0.133
203,770817783,Existing Customer,47,M,4,Graduate,Married,$60K - $80K,Silver,33,3,2,1,34516.0,1679,32837.0,0.623,1060,27,0.5,0.049
204,779353083,Existing Customer,47,M,2,Graduate,Married,$60K - $80K,Silver,32,4,2,2,34516.0,1468,33048.0,0.505,1330,32,0.684,0.043
205,711441333,Existing Customer,43,F,1,High School,Divorced,Less than $40K,Silver,35,3,2,2,10514.0,1580,8934.0,0.504,1229,27,0.8,0.15
206,719808558,Attrited Customer,55,F,2,Graduate,Married,Less than $40K,Blue,43,2,4,3,1438.3,0,1438.3,0.7070000000000001,886,27,0.42100000000000004,0.0
207,711551958,Attrited Customer,59,M,2,Post-Graduate,Married,$60K - $80K,Blue,46,3,3,3,1438.3,0,1438.3,0.688,844,24,0.5,0.0
208,809164083,Existing Customer,63,M,1,Graduate,Married,$40K - $60K,Blue,56,2,1,2,2619.0,1779,840.0,1.2590000000000001,1450,37,0.9470000000000001,0.679
209,820596183,Existing Customer,58,M,2,College,Married,$120K +,Blue,53,2,3,0,24407.0,2395,22012.0,1.071,2311,48,0.7140000000000001,0.098
210,715999608,Existing Customer,53,F,2,High School,Married,Less than $40K,Blue,36,4,1,2,2377.0,1649,728.0,0.93,1378,26,1.167,0.6940000000000001
211,710565408,Existing Customer,59,M,0,Unknown,Unknown,$80K - $120K,Silver,40,3,2,3,34516.0,1359,33157.0,1.327,1033,26,1.364,0.039
212,805543158,Existing Customer,52,M,3,Graduate,Married,$120K +,Blue,47,5,3,3,11086.0,2207,8879.0,0.8690000000000001,1523,40,1.105,0.19899999999999998
213,709752183,Existing Customer,48,M,3,High School,Single,$60K - $80K,Blue,36,4,2,2,11432.0,2517,8915.0,0.615,1374,37,0.762,0.22
214,716479233,Existing Customer,43,M,4,High School,Married,$40K - $60K,Blue,36,5,3,2,13258.0,1721,11537.0,0.9079999999999999,1080,21,1.3330000000000002,0.13
215,713837058,Existing Customer,48,M,2,College,Single,Less than $40K,Blue,36,3,2,3,2571.0,1955,616.0,0.531,1234,24,0.7140000000000001,0.76
216,718876683,Existing Customer,43,F,4,Graduate,Single,Less than $40K,Blue,31,5,2,0,5781.0,1168,4613.0,0.638,1600,32,0.455,0.20199999999999999
217,770746908,Existing Customer,44,M,4,Unknown,Married,$60K - $80K,Blue,30,5,1,2,7872.0,2509,5363.0,0.971,1155,32,0.882,0.319
218,794843883,Existing Customer,41,M,3,High School,Married,$80K - $120K,Blue,35,6,1,2,34516.0,1202,33314.0,0.603,1353,33,0.737,0.035
219,803043933,Existing Customer,44,F,3,Uneducated,Divorced,Less than $40K,Silver,38,4,1,3,11127.0,1835,9292.0,2.3680000000000003,1546,25,1.273,0.165
220,758076408,Existing Customer,50,M,2,Unknown,Single,$40K - $60K,Blue,43,2,1,3,1857.0,1603,254.0,0.579,1590,43,1.263,0.863
221,714606558,Existing Customer,60,F,1,Uneducated,Married,Less than $40K,Blue,36,5,1,0,1913.0,1272,641.0,1.008,1448,22,1.0,0.665
222,778425408,Existing Customer,44,M,4,Graduate,Single,$80K - $120K,Blue,24,5,3,0,3839.0,2295,1544.0,0.569,1271,24,0.7140000000000001,0.598
223,714171108,Existing Customer,48,F,3,Graduate,Divorced,$40K - $60K,Blue,39,6,2,3,2115.0,1141,974.0,0.616,1223,20,0.5379999999999999,0.539
224,719662458,Existing Customer,44,F,2,Graduate,Divorced,Less than $40K,Blue,27,5,2,2,1438.3,679,759.3,0.8590000000000001,1117,29,1.071,0.47200000000000003
225,713137233,Existing Customer,41,M,2,High School,Single,$80K - $120K,Blue,28,4,3,0,27756.0,1789,25967.0,0.75,994,24,0.846,0.064
226,769425858,Existing Customer,45,M,3,College,Single,$60K - $80K,Blue,32,4,1,2,1438.3,0,1438.3,0.81,1468,26,0.625,0.0
227,711297483,Existing Customer,47,F,2,Uneducated,Divorced,Less than $40K,Silver,34,6,4,2,13878.0,2222,11656.0,0.853,1658,38,0.35700000000000004,0.16
228,788900883,Existing Customer,51,F,2,Graduate,Married,Less than $40K,Blue,36,3,1,3,3106.0,1304,1802.0,0.604,1368,38,0.40700000000000003,0.42
229,758348808,Existing Customer,51,M,2,Graduate,Married,$120K +,Blue,44,4,3,3,34516.0,1666,32850.0,0.613,1218,18,0.8,0.048
230,772336458,Attrited Customer,60,F,1,Uneducated,Married,$40K - $60K,Blue,50,4,4,3,1438.3,1025,413.3,0.838,702,12,0.7140000000000001,0.713
231,708711483,Existing Customer,57,M,2,Unknown,Married,$80K - $120K,Blue,46,2,3,0,18871.0,1740,17131.0,1.7269999999999999,1516,21,2.0,0.092
232,717906783,Existing Customer,41,M,5,Graduate,Single,$120K +,Blue,29,5,2,2,5207.0,1748,3459.0,1.073,1310,26,1.0,0.336
233,719437908,Existing Customer,44,M,3,Post-Graduate,Divorced,$80K - $120K,Blue,36,6,2,2,17965.0,1644,16321.0,0.9209999999999999,1767,50,0.9229999999999999,0.092
234,769433508,Existing Customer,43,M,1,College,Single,$60K - $80K,Blue,37,6,3,3,2733.0,1819,914.0,0.767,933,25,0.9229999999999999,0.6659999999999999
235,790096533,Existing Customer,55,M,2,College,Married,$60K - $80K,Blue,48,4,3,2,8863.0,1301,7562.0,1.207,1512,27,1.455,0.147
236,720997383,Attrited Customer,52,M,1,Uneducated,Married,$80K - $120K,Blue,36,2,3,3,1857.0,1833,24.0,0.723,829,17,0.7,0.987
237,787541883,Existing Customer,44,M,3,Graduate,Unknown,$80K - $120K,Blue,33,3,3,3,34516.0,0,34516.0,0.483,1120,27,0.35,0.0
238,709930758,Existing Customer,41,M,2,Uneducated,Married,$40K - $60K,Blue,30,5,3,3,11107.0,1222,9885.0,0.5379999999999999,1506,33,0.941,0.11
239,789830058,Existing Customer,44,M,4,Unknown,Single,$80K - $120K,Blue,34,4,1,2,21573.0,1585,19988.0,0.621,1384,36,2.273,0.073
240,710299608,Attrited Customer,53,F,2,Unknown,Married,Less than $40K,Blue,33,2,3,3,2859.0,2517,342.0,0.993,817,30,0.667,0.88
241,710741208,Existing Customer,39,M,2,High School,Single,$80K - $120K,Blue,36,4,2,2,5269.0,1475,3794.0,1.148,2094,25,0.667,0.28
242,821797008,Attrited Customer,49,M,5,College,Married,$40K - $60K,Blue,45,2,2,3,1438.3,0,1438.3,0.7340000000000001,815,21,0.615,0.0
243,708874533,Attrited Customer,45,F,2,College,Married,Less than $40K,Blue,36,1,3,2,3387.0,0,3387.0,0.789,510,24,0.6,0.0
244,715341858,Existing Customer,54,M,2,Graduate,Married,$80K - $120K,Blue,46,6,2,3,1982.0,1289,693.0,0.9390000000000001,1377,49,0.69,0.65
245,793636308,Existing Customer,49,M,3,Uneducated,Single,$80K - $120K,Blue,43,2,2,2,4645.0,1650,2995.0,0.912,1193,33,0.65,0.355
246,713779908,Existing Customer,46,F,3,Doctorate,Single,Unknown,Blue,36,6,3,2,2189.0,1666,523.0,0.34299999999999997,1287,36,0.636,0.7609999999999999
247,712125258,Attrited Customer,46,M,4,High School,Married,$120K +,Blue,30,3,3,3,2442.0,0,2442.0,0.98,701,19,0.727,0.0
248,709703433,Existing Customer,47,M,3,Graduate,Married,$60K - $80K,Blue,38,4,1,2,21304.0,1532,19772.0,1.018,1770,25,0.9229999999999999,0.07200000000000001
249,721022433,Existing Customer,44,M,2,Doctorate,Single,$60K - $80K,Blue,36,5,1,2,7577.0,2480,5097.0,0.435,1409,35,0.16699999999999998,0.327
250,710103558,Existing Customer,50,M,3,Post-Graduate,Single,$120K +,Blue,31,4,1,2,3234.0,1486,1748.0,0.868,1354,28,0.647,0.45899999999999996
251,715952883,Existing Customer,73,M,0,High School,Married,$40K - $60K,Blue,36,5,3,2,4469.0,1125,3344.0,1.3630000000000002,1765,34,1.615,0.252
252,719731458,Existing Customer,56,M,3,Unknown,Unknown,$40K - $60K,Blue,46,6,3,4,2910.0,709,2201.0,0.5379999999999999,1192,27,0.588,0.244
253,772390908,Attrited Customer,59,M,0,High School,Single,$40K - $60K,Blue,48,2,4,3,3616.0,1054,2562.0,0.616,687,17,0.545,0.29100000000000004
254,787348608,Existing Customer,70,M,0,High School,Married,Less than $40K,Blue,56,3,2,3,3252.0,1495,1757.0,0.581,1227,15,0.875,0.46
255,709485033,Existing Customer,55,F,2,High School,Married,Less than $40K,Blue,36,4,3,3,2358.0,1152,1206.0,0.9690000000000001,1737,26,1.6,0.489
256,715432608,Existing Customer,43,M,4,Unknown,Single,$60K - $80K,Blue,36,4,1,0,22322.0,953,21369.0,0.769,1348,34,1.125,0.043
257,799471833,Existing Customer,45,M,1,Uneducated,Single,$120K +,Blue,39,4,2,2,3133.0,1510,1623.0,0.609,1435,38,0.462,0.48200000000000004
258,714187533,Existing Customer,45,F,2,Uneducated,Single,$40K - $60K,Blue,35,2,3,0,3540.0,849,2691.0,0.456,1321,28,0.75,0.24
259,779656908,Existing Customer,40,M,1,Graduate,Married,$40K - $60K,Blue,23,6,3,2,6990.0,1378,5612.0,0.73,1479,29,0.611,0.19699999999999998
260,788950158,Existing Customer,36,M,2,College,Unknown,$80K - $120K,Blue,22,2,2,3,34516.0,1652,32864.0,0.8540000000000001,1283,39,1.294,0.048
261,778867533,Attrited Customer,59,F,0,Post-Graduate,Married,$40K - $60K,Blue,40,1,4,1,1438.3,0,1438.3,1.038,689,23,0.353,0.0
262,710620383,Existing Customer,43,M,4,Unknown,Married,$60K - $80K,Blue,35,6,3,2,24396.0,1171,23225.0,0.655,965,17,1.125,0.048
263,778661358,Existing Customer,46,F,1,Unknown,Married,Less than $40K,Blue,36,2,3,2,2474.0,2143,331.0,1.53,1541,40,1.0,0.866
264,789483333,Existing Customer,41,M,2,Uneducated,Married,$40K - $60K,Blue,32,5,1,3,5214.0,795,4419.0,0.7070000000000001,1258,23,1.3,0.152
265,809855808,Existing Customer,51,F,2,Graduate,Married,Less than $40K,Blue,46,5,2,2,5207.0,1650,3557.0,0.708,1339,20,0.5379999999999999,0.317
266,718464258,Existing Customer,51,F,3,Unknown,Unknown,Less than $40K,Blue,25,2,2,2,9512.0,1082,8430.0,0.701,1007,22,1.444,0.114
267,708528483,Existing Customer,43,F,4,Graduate,Divorced,Unknown,Blue,23,6,3,2,3187.0,2430,757.0,0.617,1387,33,1.357,0.762
268,771809733,Attrited Customer,64,F,0,High School,Married,$40K - $60K,Blue,53,1,3,3,3353.0,0,3353.0,1.021,960,18,0.385,0.0
269,719942883,Existing Customer,54,M,5,Graduate,Married,$60K - $80K,Blue,38,3,3,3,2290.0,1434,856.0,0.9229999999999999,1119,18,3.5,0.626
270,807226683,Existing Customer,48,M,3,Unknown,Single,$40K - $60K,Blue,43,6,1,3,5279.0,1115,4164.0,0.5489999999999999,1642,41,0.519,0.21100000000000002
271,717806133,Existing Customer,40,M,2,Uneducated,Divorced,$60K - $80K,Blue,29,5,3,0,23603.0,0,23603.0,0.795,1382,31,1.067,0.0
272,720615708,Existing Customer,57,M,0,Uneducated,Married,$40K - $60K,Blue,45,6,2,2,2601.0,0,2601.0,0.8140000000000001,1232,32,0.684,0.0
273,714511758,Existing Customer,45,M,4,Graduate,Single,$80K - $120K,Blue,40,4,3,0,6363.0,1029,5334.0,0.838,1542,16,1.286,0.162
274,715050408,Existing Customer,41,M,3,High School,Single,$80K - $120K,Blue,36,4,3,3,8029.0,1576,6453.0,0.826,1094,32,0.524,0.196
275,721132233,Existing Customer,42,F,4,Uneducated,Married,Less than $40K,Blue,31,2,2,2,2410.0,1769,641.0,0.759,1217,30,1.143,0.7340000000000001
276,719211558,Attrited Customer,45,M,2,Graduate,Single,$60K - $80K,Blue,36,1,1,2,3401.0,0,3401.0,0.898,744,18,1.0,0.0
277,712069008,Existing Customer,42,F,4,Uneducated,Married,Less than $40K,Blue,23,4,2,0,2260.0,1007,1253.0,0.84,1614,33,0.737,0.446
278,715996983,Existing Customer,47,M,4,Uneducated,Divorced,$80K - $120K,Blue,30,5,2,2,17682.0,2481,15201.0,1.3019999999999998,1747,31,1.214,0.14
279,773466258,Existing Customer,48,F,4,High School,Married,$40K - $60K,Blue,42,3,1,3,4206.0,1100,3106.0,0.5870000000000001,1144,22,1.0,0.262
280,798983508,Existing Customer,43,M,1,Graduate,Single,$80K - $120K,Silver,37,4,3,2,34516.0,1440,33076.0,1.117,1575,34,2.4,0.042
281,719117433,Existing Customer,41,M,4,High School,Unknown,$80K - $120K,Blue,36,4,3,0,23018.0,2168,20850.0,0.8590000000000001,1463,24,1.6669999999999998,0.094
282,716451183,Existing Customer,54,F,1,Uneducated,Married,$40K - $60K,Blue,44,5,2,3,5556.0,1711,3845.0,1.4340000000000002,1706,21,1.625,0.308
283,718621608,Attrited Customer,54,F,2,High School,Married,Unknown,Blue,44,3,3,1,6094.0,0,6094.0,1.129,909,14,0.273,0.0
284,715085733,Existing Customer,61,M,0,Graduate,Married,$40K - $60K,Blue,52,3,1,2,2939.0,1999,940.0,2.145,2434,33,1.538,0.68
285,788977833,Existing Customer,61,M,0,Uneducated,Married,$80K - $120K,Blue,48,2,1,0,5362.0,1274,4088.0,1.015,1876,41,0.7829999999999999,0.23800000000000002
286,720272958,Attrited Customer,48,M,2,High School,Married,$120K +,Blue,36,3,3,3,27126.0,0,27126.0,0.953,1000,25,0.7859999999999999,0.0
287,708421833,Existing Customer,45,F,4,Graduate,Single,Less than $40K,Blue,36,6,3,2,3342.0,2517,825.0,0.7709999999999999,1139,30,0.765,0.753
288,709173108,Attrited Customer,54,F,4,Graduate,Married,Unknown,Blue,40,6,2,2,2532.0,2221,311.0,0.491,799,21,0.235,0.877
289,709879458,Existing Customer,54,F,3,Doctorate,Married,Unknown,Blue,46,2,2,3,1900.0,1376,524.0,0.89,1881,45,0.607,0.7240000000000001
290,715120608,Existing Customer,44,M,3,Graduate,Single,$60K - $80K,Blue,37,2,3,2,14546.0,1703,12843.0,0.955,1273,27,0.588,0.11699999999999999
291,770632758,Existing Customer,50,F,4,Doctorate,Single,Unknown,Blue,36,2,3,2,2521.0,1608,913.0,0.5870000000000001,1328,33,0.5710000000000001,0.638
292,779078733,Existing Customer,55,M,2,Doctorate,Married,$60K - $80K,Blue,36,3,4,3,16427.0,1682,14745.0,0.631,1579,36,1.1179999999999999,0.102
293,771742533,Existing Customer,48,M,2,Graduate,Unknown,$40K - $60K,Blue,36,5,1,2,13068.0,1718,11350.0,0.607,937,28,0.556,0.131
294,720250158,Existing Customer,45,M,2,College,Single,$60K - $80K,Blue,33,6,3,0,23218.0,1814,21404.0,1.178,1749,37,2.083,0.078
295,716458983,Existing Customer,60,M,0,High School,Married,$40K - $60K,Blue,36,5,1,3,3281.0,837,2444.0,1.859,1424,29,1.4169999999999998,0.255
296,713747733,Existing Customer,55,M,2,High School,Married,$40K - $60K,Blue,47,5,3,2,3096.0,2217,879.0,0.799,2011,41,0.7829999999999999,0.716
297,712270158,Existing Customer,62,F,0,High School,Married,$40K - $60K,Blue,52,5,2,3,2052.0,1250,802.0,0.728,1208,31,0.632,0.609
298,789562383,Existing Customer,38,F,1,High School,Unknown,Less than $40K,Blue,30,2,3,0,1438.3,583,855.3,0.888,1259,24,1.0,0.405
299,754897008,Existing Customer,46,M,3,High School,Single,$40K - $60K,Blue,39,2,3,2,9432.0,1418,8014.0,0.612,1319,26,0.368,0.15
300,819700533,Existing Customer,50,M,0,High School,Single,$120K +,Silver,45,5,2,3,14938.0,2303,12635.0,0.804,949,27,2.0,0.154
